author,n_books
Jim Kjelgaard,1
Jamie Delano,1
Billie Letts,2
Boris Vian,1
Meg Cabot,38
Jan Karon,6
Leslie Marmon Silko,1
Linda Fairstein,1
Andrew Gross,5
Simms Taback,2
Ben Goldacre,1
Andrea Hirata,4
Erin Morgenstern,1
Khushwant Singh,1
Eric Knight,1
H. Rider Haggard,1
Jonathan Swift,3
Emma Donoghue,4
Victor J. Stenger,1
Lawrence Kasdan,1
Marcia Clark,1
Jacqueline Winspear,7
Percy Bysshe Shelley,2
John Wyndham,3
Devdutt Pattanaik,1
Ernst Kaiser,1
Becca Fitzpatrick,5
Tavis Smiley,1
Tom Rob Smith,3
Peter Høeg,1
Michel Foucault,2
Booker T. Washington,1
David Starkey,1
Sam Kean,1
Craig Raine,1
Thucydides,1
Katharine Graham,1
Isabel Allende,14
Hans Christian Andersen,5
Tony Horwitz,1
Billy Crystal,1
James Grauerholz,1
Walter Isaacson,4
Adam Gidwitz,1
Maki Minami,1
Lance Armstrong,1
Margret Rey,3
Claire Messud,2
Anya Seton,1
Benedict Freedman,1
Aimee Bender,1
Joseph Kesselring,1
Edward Eager,1
Jill Alexander Essbaum,1
John Cheever,1
Robert Fagles,4
Milan Kundera,9
Paul Chadwick,1
Frances Hodgson Burnett,3
Daniel Hahn,1
Charles Darwin,2
Chuck Wendig,1
Nevill Coghill,1
Jonas Jonasson,2
Alexis de Tocqueville,1
Martin Amis,2
Jesmyn Ward,1
Octavia E. Butler,6
Marian Keyes,12
Miyamoto Musashi,1
Ayşe Kulin,1
Dorothea Benton Frank,3
David Purdham,1
Wanda Gág,1
Jerry B. Jenkins,13
Sui Ishida,1
Jonathan Tropper,4
Gary Keller,1
Melody Beattie,1
David Wroblewski,1
Lucia Graves,4
Oswald Chambers,1
Claire Huchet Bishop,1
Gary Frank,2
Jenny McCarthy,1
Don DeLillo,5
Barbara Ciardo,1
Tim Curry,1
Aristophanes,1
Jessie Burton,1
Grant Morrison,6
Ken Liu,1
Mark Sanders,1
David Baldacci,34
Elizabeth Gaskell,4
Stephen Colbert,2
John Fante,1
Andre Agassi,1
Lisi Harrison,6
Ann M. Martin,4
Brian Azzarello,3
Antoine de Saint-Exupéry,1
Viet Thanh Nguyen,1
Mineko Iwasaki,1
Michael Chabon,7
Pasqual Ferry,2
Barron Storey,1
Martha Grimes,1
Julie Garwood,11
James Dickey,1
Ntozake Shange,2
Libba Bray,6
Patricia Highsmith,3
Ben Aaronovitch,5
Eric Van Lustbader,2
Diane Mott Davidson,1
Louise Fitzhugh,1
Paula McLain,2
Don Williams,1
Margaret Bloy Graham,1
Andy Warhol,1
Richard Howard,4
Michael Patrick MacDonald,1
Don Freeman,2
Fiona Staples,7
David Heinemeier Hansson,1
Ardian Syaf,1
Charlie LeDuff,1
Sharyn McCrumb,1
Keith David,1
Ian McKellen,1
Christian Rudder,1
John Boyne,2
Larry Niven,5
Frederik Pohl,1
Adrian Conan Doyle,1
Dudley Fitts,1
Meg Rosoff,1
Melina Marchetta,5
Homi K. Bhabha,1
Terry Goodkind,15
Steven Weinberg,1
Guy Gavriel Kay,5
Daniel Kahneman,1
Dava Sobel,2
Tan Twan Eng,1
Rodman Philbrick,1
Raymond Carver,4
Richard Eyre,1
Marguerite Henry,3
Albert Camus,4
Jim Fergus,1
Bob Ong,1
Liz Kessler,1
Anthony Hope,1
David Small,1
Christopher Lee,1
Julie Maroh,1
Michio Kaku,4
Michael Ondaatje,4
Darren Aronofsky,1
Jackie Collins,1
Hajime Isayama,2
John Lennon,1
André Maurois,1
Sheila Turnage,1
Andrew Aydin,1
John R. Perry,1
Ludwig Bemelmans,3
Jonathan Haidt,2
Seamus Heaney,1
Walter Dean Myers,2
Ina Garten,5
Deborah Ellis,1
Raditya Dika,1
Dick Giordano,3
Kiyohiko Azuma,1
Kim Edwards,1
Dorothy Allison,1
Sam Smith,1
Anne Lamott,7
Chris Bachalo,3
Mike Mignola,3
Nicole Krauss,2
Nassim Nicholas Taleb,3
Jack Welch,2
Bernhard Schlink,1
Naomi Wolf,1
Sandra Gulland,1
Philip José Farmer,1
Keith Richards,1
George Orwell,8
Miriam Toews,2
Ahlam Mosteghanemi,5
Loung Ung,1
Lev Grossman,3
Chris Colfer,3
Henryk Sienkiewicz,1
Betty Friedan,1
Jenny Offill,1
Tahereh Mafi,5
Robert Anton Wilson,1
James Agee,1
Trudi Canavan,7
Mike Birbiglia,1
Barbara W. Tuchman,2
Michael Baigent,1
Margaret Peterson Haddix,11
Jean-Dominique Bauby,1
Rien Poortvliet,1
Louis Sachar,8
Virginia Lee Burton,2
Edith Hahn Beer,1
Tori Spelling,1
Ambrose Bierce,1
Pearl S. Buck,1
Nadia Hashimi,1
Jenő Barcsay,1
George Eliot,6
Lee Goldberg,3
Arun Tiwari,1
Rachel Dratch,1
Robertson Davies,1
T. Colin Campbell,1
Jim Gaffigan,2
Judith Guest,1
Jenny Colgan,1
James Surowiecki,1
Paullina Simons,3
Amin Maalouf,1
Max Hayward,1
Kiran Desai,1
Patrick O'Brian,4
Tony Kushner,3
Margot Livesey,1
John Schoenherr,2
Leslie Feinberg,1
Angie Sage,6
Donald Hall,1
Mary Karr,2
Chip Zdarsky,1
Michael Reaves,1
Rachel Maddow,2
Christopher Paolini,6
Miles Millar,1
Howard Pyle,1
Joël Dicker,1
Peter F. Hamilton,9
Bohumil Hrabal,1
Ransom Riggs,3
Roland Barthes,2
Keri Hulme,1
Jeffrey Zaslow,1
Anne Rice,33
Mike Allred,2
Emily Dickinson,2
Rex Warner,2
Lindsey Kelk,2
Banksy,1
Matthew Quick,3
Wilbur Smith,4
Ibn Warraq,1
Henry Hazlitt,1
Stephen Lang,1
Téa Obreht,1
Evan Wright,1
Maeve Binchy,13
Adam Hochschild,1
Leigh Bardugo,5
Steven Curtis Chapman,1
José Mauro de Vasconcelos,1
Lynn Varley,3
Eric Clapton,1
Susan Einzig,1
Grace Lin,1
Howard Jacobson,1
Hannah Kent,1
Morris Gleitzman,1
Immanuel Kant,2
Mark Halperin,1
Todd Strasser,1
Joan Aiken,1
Philipp Meyer,1
Tim Harford,1
Jenna Blum,1
Richard A. Knaak,1
Thornton Wilder,2
Kenneth Womack,1
Kresley Cole,16
Louise Rennison,6
Christopher Chabris,1
Jane Austen,10
Neil Armstrong,1
George Bernard Shaw,3
F. Murray Abraham,1
Melissa Bank,1
Terry Brooks,21
Anne Fadiman,1
Lauren Groff,3
Søren Kierkegaard,1
Gilbert Ford,3
Randy Shilts,1
Carson McCullers,1
Jonathan Kellerman,4
Barbara Taylor Bradford,1
Charles Wheelan,1
Lawrence Wright,2
Tom Rath,1
Arthur Koestler,1
Elizabeth George,4
Curt Gentry,1
Jay Anson,1
Virgil,1
Daniel Goleman,2
Jaclyn Moriarty,1
Tracy Hickman,15
Ron Powers,1
Donald McCaig,1
Garth Williams,14
Mary Ann Shaffer,1
Lawrence Hill,1
Voltaire,1
Donald J. Sobol,1
Richard Koch,1
Alex Kava,1
Philip Gourevitch,1
Roger Stern,1
Michael Swanwick,1
Gillian Avery,1
Ray Bradbury,6
Fernando Pessoa,1
F. Paul Wilson,1
Dave McKean,6
Mary Azarian,1
Lee Child,24
Carlos Castaneda,2
Anne Bishop,7
Paul Beatty,1
Arlene Eisenberg,2
Sara Ryan,1
Edmund Spenser,1
Philippa Gregory,15
Bruce Sterling,2
Daniel Quinn,2
Ann Hood,1
Laurie R. King,3
Grant Blackwood,1
Brian Coffey,2
Jane Yolen,3
Greg Iles,7
Pauline Baynes,3
David Sheff,1
Lionel Abel,1
Scott Lynch,4
Albert Einstein,2
Kurt Schaffenberger,1
Mervyn Peake,1
Alison Bechdel,2
Ilya Ilf,1
Brian Lumley,2
Lucy Christopher,1
Charles Tomlinson,1
Noam Chomsky,1
Steven Levy,1
Durjoy Datta,1
Steve Coll,1
Robison Wells,1
Wassily Kandinsky,1
Susanna Kearsley,5
Jeannette Walls,3
Maya Angelou,3
Robert Charles Wilson,1
Laura Dave,1
John Ortberg,1
Nina Baym,1
Jacquelyn Mitchard,1
Thomas Mann,4
Carrie Jones,4
John Steptoe,1
Helene Hanff,1
Philip Yancey,3
Anderson Cooper,1
Emma Healey,1
Tana French,6
Jenna Lamia,1
Sherwood Anderson,1
Sam Harris,6
Robin Benway,1
Peter Sanderson,1
Homer Hickam,1
María Dueñas,1
Rysa Walker,1
Philip Roth,9
Frederick Franck,1
Fábio Moon,1
Tony Robbins,1
Byron Katie,1
John C. Maxwell,2
Kathy Reichs,16
Janny Wurts,3
Hugh Lofting,2
Monteiro Lobato,1
John Locke,3
Chevy Stevens,4
Clayborne Carson,1
C.C. Hunter,5
Bernie Mireault,1
Karen Blixen,1
Mario Spezi,1
Jon Bogdanove,1
John Patrick Shanley,1
Gretchen Rubin,3
Ayaan Hirsi Ali,2
Michelle Paver,1
Rainbow Rowell,6
Rosalind Miles,1
Simon Garfield,1
Chuck Klosterman,6
Marvin Israel,1
Claudia Rankine,1
Hervé Tullet,1
Lilian Jackson Braun,1
Edith Wharton,4
Bob Woodward,1
Georgia Byng,1
Jillian Tamaki,1
Fredrik Backman,3
Brad Meltzer,3
Michael Henry Heim,2
Catherine Hardwicke,2
Neale Donald Walsch,3
Nina Bawden,1
Gavin Menzies,1
Greg Rucka,1
Rory Stewart,1
Sylvan Barnet,1
Helen Keller,1
Sherman Alexie,5
Veronica Rossi,3
Amitav Ghosh,3
Jane Harper,1
Michael Pollan,5
Richard Brautigan,1
Nicky Cruz,1
Anna Kendrick,1
Jon Ronson,4
Kenneth Grahame,1
Joan Didion,4
Peter Christen Asbjørnsen,1
Klaus Janson,1
Michael Morpurgo,2
Steve Bodow,2
Gavin Extence,1
Mem Fox,1
Aram Saroyan,1
William S. Burroughs,2
Tucker Max,2
Brennan Manning,1
Ted Dekker,11
Norman Page,1
Thomas Wolfe,1
Sidney Sheldon,18
John Grisham,34
Brian Froud,3
Aleksandr Solzhenitsyn,2
John Rawls,1
Rich Mullins,1
Marina Lewycka,1
David James Duncan,2
Jean-Jacques Sempé,1
Plum Sykes,2
Marie Lu,7
Flannery O'Connor,4
Maxine Paetro,16
Michael Bond,1
Enid Blyton,9
Milo Manara,1
Hidekaz Himaruya,1
John Galsworthy,1
Glen David Gold,1
Steve Wozniak,1
Margot Lee Shetterly,1
Sam McBratney,1
Ann-Marie MacDonald,2
Bernie Wrightson,4
Orson Scott Card,25
John Elder Robison,1
Chris Pavone,1
Michelle Magorian,1
Hanya Yanagihara,1
Michael Connelly,29
Paul O. Zelinsky,3
John Hersey,1
Peter H. Reynolds,2
David A. Vise,1
Paul Kidby,1
Lauren Willig,1
Peter Lynch,1
Rick Riordan,28
Brené Brown,3
Tami Hoag,5
Kristin Cast,16
Thomas Hobbes,2
Steve Martini,1
Ishmael Reed,1
Jean M. Auel,6
José Maria de Eça de Queirós,1
Confucius,1
James Herbert,2
Flora Rheta Schreiber,1
Robert McKee,1
Natalie Babbitt,1
Steve Alten,1
Rob Buyea,1
Sheldon Vanauken,1
Hayden Carruth,1
Joseph Delaney,4
Shilpi Somaya Gowda,1
Will Durant,1
Anthony Bonner,2
Gary Jennings,1
Steve Niles,1
Peggy Rathmann,2
Primo Levi,1
Skottie Young,2
Alexander Pushkin,1
Charlaine Harris,22
Jean-Paul Sartre,7
Gregory Maguire,9
Justin Cronin,3
Sophocles,3
Darwyn Cooke,1
Sarah Vowell,5
Paul Bowles,1
Margaret Wise Brown,2
Vera Brosgol,1
Ursula K. Le Guin,10
Ellendea Proffer,1
Charles Keeping,1
Gerard Way,1
Drew Karpyshyn,3
Auguste Maquet,1
Sarah J. Maas,13
Deborah Blum,1
Stuart Gilbert,2
Kathleen Winsor,1
Ann Aguirre,3
Coleman Barks,1
Cinda Williams Chima,7
Robert Siegel,1
Johanna Spyri,1
Jack Finney,2
Joe R. Lansdale,2
Paul McCartney,1
Louis Slobodkin,1
Alison Goodman,2
Emma Goldman,1
Max Brod,2
Julianna Baggott,1
Per Petterson,1
Kristan Higgins,2
Marla Frazee,1
Mikal Gilmore,1
Tom Shales,2
Anne Morrow Lindbergh,1
Paul Galdone,1
Mirra Ginsburg,1
Francine Rivers,14
Jeff Lemire,1
Alexandre Dumas,5
Peter Sís,2
Lene Kaaberbøl,1
Edith Grossman,4
Angela Marsons,1
Rob Bell,3
Cornelia Funke,6
Richard Price,2
Corrie ten Boom,2
Crockett Johnson,2
Tony Hendra,1
Joan Marcus,1
Burton Raffel,1
Lorrie Moore,2
Melissa de la Cruz,8
Derf Backderf,1
Rita Williams-Garcia,1
Mathias Malzieu,1
Alexander Osterwalder,1
Caroline Alexander,1
Seth Godin,6
Suetonius,1
Andrew Bromfield,3
Ahmad Fuadi,1
Jason Baker,1
Lucy Grealy,2
Geoffrey A. Landis,1
Jung Chang,1
Annie Barrows,2
Nancy Pickard,1
Matthew Sweet,1
Thomas Malory,2
Jennifer Weiner,13
Rachel Abbott,3
Andrew Adamson,1
Peter Benchley,1
Mary Higgins Clark,21
Beth Harbison,2
Raina Telgemeier,3
Dan Millman,1
Dorothy Gilman,1
Farley Mowat,1
Walter Scott,1
Mark Bittman,3
Abraham Verghese,2
Patricia MacLachlan,1
Eleanor Catton,1
Janell Cannon,1
Susanna Clarke,2
James Redfield,2
James Dashner,5
Lloyd Alexander,6
Jonathan Maberry,3
Bernard Waber,1
Jane Rice,1
Cynthia Rylant,1
Susan Hill,1
Wendelin Van Draanen,2
Andrew Pepoy,4
Matt Wagner,2
Harry Paul,1
Doug Moench,1
Denis Rodier,1
John Jakes,3
George Goulding,1
Kate Mosse,2
Beatrix Potter,4
Maurice Cranston,1
Robert Descharnes,1
Mildred D. Taylor,1
Andrea Levy,1
James Norman Hall,1
Firoozeh Dumas,1
David Mamet,2
Alexandra Potter,1
Shūsaku Endō,1
Juan Gabriel Vásquez,1
Mahatma Gandhi,1
Arthur Miller,3
Suketu Mehta,1
William Zinsser,1
Anna Sewell,1
Alexandra Fuller,1
Muriel Barbery,1
Michelle Moran,4
John Fowles,3
Alissa Nutting,1
William Strunk Jr.,1
Diana Gabaldon,13
Robert James Waller,1
John Irving,12
Lynsay Sands,8
Megan Whalen Turner,3
Barbara Park,1
Tim Carvell,2
Jim Carroll,1
Jenny Han,8
Willy Trenk-Trebitsch,1
Ann Packer,1
Lucinda Riley,1
Koushun Takami,1
Gary Brandner,1
Arthur Rackham,1
Jennifer Rush,1
Frank Bettger,1
Russell Brand,1
Cornelius Ryan,2
Michèle Fitoussi,1
Tina Fey,1
Chris Eliopoulos,3
Gayle Forman,8
Siobhan Dowd,1
Winnie Holzman,1
Donna Tartt,3
Maira Kalman,1
Ruth Krauss,1
Augustine of Hippo,1
Dustin Thomason,1
Jennifer Haigh,1
Rachel Isadora,1
José Villarrubia,2
Elizabeth Bishop,1
Betty Edwards,1
Michael Dante DiMartino,6
George W. Bush,1
Patricia Polacco,1
Nicholas Royle,1
Raymond E. Feist,20
Guy Kawasaki,1
Jack Thorne,1
Bill Simmons,1
Erica Jong,1
Lois Ehlert,1
Bill Finger,1
J. Maarten Troost,2
Peter Grosz,1
Kazu Kibuishi,4
Julia Cameron,1
Neil Shubin,1
Samuel Beckett,1
David Gemmell,3
Alice McDermott,1
David Wiesner,3
Sandu Florea,1
Piers Paul Read,1
Leah Remini,1
Hiromu Arakawa,1
Marc Hempel,1
Aziz Ansari,1
Arthur Golden,1
Theodore Dreiser,2
Juan Rulfo,1
Clarence Brown,1
Henry David Thoreau,3
Mick Mars,1
Betty Dodson,1
Ali Smith,1
Bryce Courtenay,1
Sarah Waters,6
Gene Luen Yang,5
Peter S. Beagle,1
Malinda Lo,1
Joanne Harris,4
Kadir Nelson,1
Blue Balliett,1
Lindsay Ashford,1
Mélanie Watt,1
Eric Jerome Dickey,1
Richard Wurmbrand,1
Jerry Bock,1
David Auburn,1
Merlin Holland,1
Mark Z. Danielewski,1
Edward S. Herman,1
Peter Shaffer,2
Yuu Watase,2
Isaac Kramnick,1
Nigella Lawson,2
Arturo Pérez-Reverte,2
Paramahansa Yogananda,1
Takeshi Obata,9
Scott O'Dell,1
Giuseppe Tomasi di Lampedusa,1
Louisa May Alcott,7
Linda Castillo,1
Michelle Alexander,1
Dietrich Bonhoeffer,2
Kendare Blake,3
Bob Kane,1
Alan Brennert,2
Roderick Gordon,1
Lisa Scottoline,8
Brian Mooney,1
Ernesto Sabato,1
Jessica Shirvington,1
Thomas Keneally,1
Alafair Burke,2
Tim LaHaye,13
Julia Quinn,10
Tayeb Salih,1
Jeph Loeb,6
Bruce Coville,1
Janet Evanovich,37
Tatiana de Rosnay,2
Tomie dePaola,1
E. Nesbit,2
Donna Leon,1
Keri Smith,1
Kass Morgan,2
Daniel Clowes,1
Jules Verne,6
Ellen Raskin,1
Linwood Barclay,3
Veronica Roth,12
Robert Fitzgerald,3
Ai Yazawa,2
Mordicai Gerstein,1
Tite Kubo,3
James Lee Burke,3
Nella Larsen,1
Patrick deWitt,1
Amy Poehler,1
Matt Fraction,3
Arthur Conan Doyle,17
Chris Kyle,1
Lauren Child,1
Sarah Mlynowski,2
Greg McKeown,1
Anaïs Nin,1
Conn Iggulden,7
Chaim Potok,2
Eleanor Roosevelt,1
Amor Towles,2
Simon Sinek,1
John Verdon,1
Louis-Ferdinand Céline,1
Jostein Gaarder,3
Brian Selznick,4
E. Lockhart,3
Gary Smalley,5
Peter Snejbjerg,1
Gerry Alanguilan,1
Gregory Rabassa,5
Jenny Downham,2
Sally Jenkins,1
Kelly McGonigal,1
Thomas Frank,1
Daniel O'Malley,1
Andrew Ross Sorkin,1
Jim Bouton,1
Salvatore Murdocca,3
Darrell Schweitzer,1
Martin Gardner,2
William T. Vollmann,1
Paul Auster,9
Seamus Deane,1
David Hume,2
Joanne Greenberg,1
Jane Hamilton,2
Ludwig Wittgenstein,2
Keigo Higashino,1
Rachael Ray,1
Daniel H. Wilson,1
William H. Armstrong,1
Joachim Neugroschel,3
Peter Matthiessen,1
Michael Moss,1
Alice Munro,4
Caroline Myss,2
Del Roy,1
Nate Powell,1
Fannie Flagg,8
Matt Haig,2
David Guterson,1
Philip Larkin,1
Alain de Botton,3
David Levithan,9
Steve Oliff,1
Ian Rankin,1
Emma Straub,2
Michael Frayn,2
Susan Abulhawa,1
L.A. Weatherly,2
Louis Darling,1
Sheila Burnford,1
Ron Chernow,2
Jack Kerouac,5
Knut Hamsun,1
Thomas Pynchon,4
Caroline Knapp,1
Anthony Bourdain,4
Naomi Novik,7
Clifford D. Simak,1
Gigi Levangie Grazer,1
William Makepeace Thackeray,1
Jean Sasson,1
Ben Macintyre,1
Jonathan Harr,2
Mildred Benson,1
Sarah Pinborough,1
Eric Carle,9
Ben Mezrich,2
Joseph Stein,1
Louise Penny,12
Johann David Wyss,1
Jon Stone,1
John Grogan,1
Annie Proulx,3
M. Scott Peck,1
Hubert Selby Jr.,2
George Saunders,4
Benjamin Alire Sáenz,1
Bill Clinton,1
Henri Charrière,1
Fred Marcellino,1
Amy Myers,1
Dan Simmons,9
China Miéville,7
Julia Scheeres,1
Richard Connell,1
Paul Torday,1
Eileen Wilks,1
Yasunari Kawabata,1
Carrie Brownstein,1
James Tynion IV,1
Nigel Calder,1
Jo Nesbø,13
Amy Plum,2
Chris Tomlin,1
Dian Fossey,1
Cece Bell,1
Joel Osteen,2
Éric-Emmanuel Schmitt,1
Raymond Briggs,1
Constance Garnett,2
Cormac McCarthy,9
Alan Davis,1
Peter Gay,2
Bisco Hatori,6
Allison Pearson,1
James Strachey,1
Roxane Gay,2
Ricardo Cortés,1
Daniel Handler,1
Amy Bloom,2
John Foxe,1
Charles Vess,5
Robert Muchamore,6
Alwyn Hamilton,1
Mary Hoffman,2
Norman Doidge,1
Betty White,1
Edward Gorey,3
Robert Ludlum,10
Laurie Halse Anderson,7
Robert Sabuda,1
Roddy Doyle,2
Lisa Gardner,18
Julia Donaldson,1
Steve Perry,2
James Frey,4
Lilith Saintcrow,4
Michael J. Fox,2
Todd Klein,10
Carrie Fisher,2
Edward Gibbon,1
Madeleine L'Engle,7
Joseph L. Galloway,1
Stephen R. Lawhead,1
Leslie Jamison,1
Melanie Rawn,1
Ken Grimwood,1
Kurt Cobain,1
Mario Puzo,4
John Updike,8
Tracy Kidder,2
Alan Lightman,1
Frank E. Peretti,7
Johann Wolfgang von Goethe,3
Vernor Vinge,3
Seanan McGuire,1
Alfred Uhry,1
Samantha Shannon,2
Tony Hillerman,1
David Simon,1
Melissa Nathan,1
Nick Hornby,9
Rosalyn Landor,2
Anita Brookner,1
Isa Chandra Moskowitz,2
Robert Henri,1
Kaui Hart Hemmings,1
Andrew Clements,3
Brian Kilmeade,1
Bill Moyers,1
Antony Beevor,2
Bob Dylan,1
Rob Reiner,1
Gregg Hurwitz,1
Phil Robertson,1
David Seltzer,1
Jane Werner Watson,1
Anne Michaels,1
Bryan Konietzko,6
Abbi Glines,22
Amish Tripathi,4
Guillermo del Toro,3
Eleanor Estes,1
Gail Carson Levine,3
Rob Liefeld,1
Hope Larson,1
Alessandro Baricco,2
Stephen Gammell,2
Eric Metaxas,1
Robert Graysmith,1
John Eldredge,3
Chester Brown,1
Shaun Tan,1
Dick King-Smith,1
Kevin Hearne,9
Truddi Chase,1
Gary Zukav,2
Brendan Hay,1
Irvine Welsh,5
Lloyd C. Douglas,1
Barack Obama,2
Jean Craighead George,2
Jojo Moyes,7
Neil Gaiman,41
Annie Cohen-Solal,1
Daniel James Brown,1
Robert Shea,1
Ha Jin,1
Bob Goff,1
Young Kim,2
Alice Schroeder,1
Brady Udall,1
Robin Hobb,19
George Harrison,1
Jessica Day George,5
William Weaver,6
Nikolai Gogol,3
Lincoln Peirce,3
Herman Koch,2
Max Lucado,3
Martin Aitken,1
Ann Brashares,7
Beryl Markham,1
Rohinton Mistry,2
Tori Amos,1
Stephen E. Ambrose,4
Martha Stewart,3
Keith Szarabajka,1
Gary D. Schmidt,2
Eiji Yoshikawa,1
Ally Carter,11
Ottessa Moshfegh,1
Ed Emberley,1
William Landay,1
Cassandra Jean,1
Bev Vincent,1
Henning Mankell,10
Diane Ackerman,1
Jerry Bridges,1
Tom Clancy,19
Mary Roach,5
Charles Portis,1
Rob Sheffield,1
Chapman Cohen,1
Hunter S. Thompson,5
Andrzej Sapkowski,7
Hampton Sides,2
Astrid Lindgren,4
Alastair Reynolds,7
Robert Jackson Bennett,1
Ian Doescher,1
Stephen R. Donaldson,7
Jennifer Donnelly,4
Barbara Cooney,3
Carole Radziwill,1
Monty Roberts,1
Lisa Jewell,2
Frank Beddor,2
Nick Sharratt,3
Melissa Müller,1
Deborah Howe,1
Carlo Collodi,1
Brandon Mull,9
Glenn Greenwald,1
Scott McCloud,2
Sarah Silverman,1
Catherine Marshall,1
George Cruikshank,1
Rebecca Wells,3
Sylvia Raphael,1
Agatha Christie,43
Jennifer Crusie,6
Thrity Umrigar,1
Diane Arbus,1
Lynn Flewelling,1
Kate Chopin,3
Sue Klebold,1
Naoko Takeuchi,2
Upton Sinclair,1
Jon Meacham,2
Willem Dafoe,1
Anna Dewdney,2
Greg Capullo,3
Steve Martin,4
Tim Burton,1
Jeff VanderMeer,3
Isaac Asimov,21
Jordan Belfort,1
Adolf Hitler,1
Robert K. Massie,3
Stephen Hunter,1
Paul Fussell,1
Mindy Kaling,2
Tasha Tudor,1
Edwidge Danticat,1
Joe Abercrombie,10
Katherine Paterson,3
Elliot Aronson,1
Hilary Mantel,2
Christine Feehan,10
Monica Ali,2
Steven Spielberg,1
Gary Gianni,2
Jack Trout,2
Marcus Aurelius,1
Guy N. Smith,1
Laini Taylor,4
Wyatt Cenac,1
Ernest Hemingway,11
John Stuart Mill,3
Poppy Z. Brite,1
Ellen Schreiber,8
Sister Souljah,1
Leonard Mlodinow,3
Ozzy Osbourne,1
Esi Edugyan,1
Jonah Lehrer,2
Christopher Yost,2
Kathy Griffin,1
Norton Juster,1
Paul Dinello,1
Enid Bagnold,1
Lauren Myracle,2
Alisa Kwitney,1
Alice Walker,3
Katherine Boo,1
Norman Mailer,2
Scott Westerfeld,13
Alaa Al Aswany,3
Quentin Blake,16
Alexander Hamilton,1
John Rocco,1
David Ebershoff,2
Willa Cather,3
George Carlin,4
Warren Buffett,1
Leon Uris,5
Noah Hawley,1
Deborah Feldman,1
John Steakley,1
Edward Bloor,1
Wilson Rawls,1
Ron Rash,1
Joshua Foer,1
Keri Arthur,1
Eloisa James,1
James C. Collins,3
Jon Stewart,2
Larissa Ione,6
Cate Tiernan,1
William Least Heat-Moon,1
Mark Owen,1
Terry McMillan,2
Heather O'Neill,1
Anthony Burgess,2
Elizabeth Strout,4
Julia Alvarez,2
Francis Chan,2
NoViolet Bulawayo,1
Victor Hugo,3
Laura Hillenbrand,2
Orhan Pamuk,4
Zilpha Keatley Snyder,1
Lee Strobel,3
Beverly Cleary,12
Nora Roberts,65
Walker Percy,2
Howard Schultz,1
Catherynne M. Valente,1
Ezra Jack Keats,1
Laline Paull,1
Gregory David Roberts,1
Jay Winik,1
Michael York,1
Ilon Wikland,1
Audrey Niffenegger,2
Stuart Hampshire,1
Clement Hurd,2
Chloe Neill,5
Jesse Andrews,1
Malcolm Bowie,1
Pearl Cleage,1
Ed Helms,1
Joss Whedon,6
Guy de Maupassant,2
Tim Tebow,1
Victoria Aveyard,4
Siri Hustvedt,1
Po Bronson,1
Lew Wallace,1
Alan Moore,8
Michael Cunningham,4
Cecily von Ziegesar,6
John Milton,1
Jessica Cox,1
Karen Thompson Walker,1
Frank De Felitta,1
Karuho Shiina,1
William Steig,1
Charlotte Brontë,4
Amanda Knox,1
Kiera Cass,11
Plato,5
Brandon Sanderson,25
Darren Shan,14
Mireille Guiliano,1
Tim Harrod,1
Don Winslow,3
Matthew Reilly,8
Doris Kearns Goodwin,3
Connie Willis,4
Christopher Hitchens,7
Danielle Trussoni,1
John Tenniel,4
Daphne du Maurier,3
Pam Muñoz Ryan,2
Julian Symons,1
Charles Stross,3
Tom Peters,1
Immaculée Ilibagiza,1
Ann Voskamp,1
Marjane Satrapi,5
Lauren Kate,6
Eric Schlosser,1
J. Courtney Sullivan,3
Lisa Genova,4
John Cassaday,3
Tommy Lee,2
Sinclair Lewis,2
Baruch Spinoza,2
Atul Gawande,4
Ramachandra Guha,1
Andy Goldsworthy,1
Richard Feynman,4
Rafael Sabatini,1
Jennifer Worth,2
Alyson Richman,1
Don Bartlett,8
Daniel Keyes,1
Cary Elwes,1
Alfred Gough,1
Kristin Cashore,3
Betty MacDonald,3
Catherine Gilbert Murdock,1
François Lelord,1
Holly Goldberg Sloan,1
John Lanchester,1
Ivan Goncharov,1
Donna Murphy,1
Paul Zindel,1
Stephen Crane,2
Tim Seeley,1
Diablo Cody,1
Pamela Druckerman,1
Tom Stoppard,2
Scott Cunningham,1
Andrew Loomis,1
Patricia Reilly Giff,1
Susan Dennard,1
John Saul,2
Lily King,1
Patti Smith,2
Arina Tanemura,2
Mitch Albom,7
Marlo Morgan,1
Paula Hawkins,1
Simon Kuper,1
Ingrid Law,1
Adelle Waldman,1
Stephen Chbosky,1
Georgette Heyer,2
Nathanael West,1
Raymond Geuss,1
Joseph Campbell,3
Leonardo da Vinci,1
Gene Stratton-Porter,1
Sherrilyn Kenyon,25
Jamie Oliver,2
Chelsea Handler,5
Corinne Malvern,1
Yoshitaka Amano,1
Roger Zelazny,9
Rory Albanese,1
Steven Galloway,1
J. Torres,1
Ilan Stavans,1
Maggie Nelson,1
Alton Brown,1
Russell Hoban,3
Wilkie Collins,2
Maggie Stiefvater,9
Jay Rubin,8
Beatrice Sparks,1
Laurence Sterne,1
Rachel Hawkins,4
Laura Lippman,3
Dan Brown,7
Nicholas Pileggi,1
Jessi Klein,1
Alexandra Bracken,4
Alan Hollinghurst,1
Amy Wallace,1
Neil Simon,1
Greg Mortenson,2
David McKee,1
Alex Flinn,2
Yoshihiro Togashi,2
Bryan Talbot,3
André Aciman,1
Gabriel Bá,2
Kieron Gillen,1
R. Scott Bakker,1
Linda Howard,4
Han Kang,1
David Hahn,1
Lisa McMann,4
Matsuri Hino,6
Joni Eareckson Tada,1
William Kamkwamba,1
Gerald McCann,1
Lorenzo Carcaterra,1
Dodie Smith,2
Martin Pistorius,1
Caleb Carr,3
Kate Beaton,1
Vince Flynn,15
Hugh Wheeler,1
Richelle Mead,23
Amy Sedaris,1
Jean Rhys,1
Gene Ha,1
Rob Corddry,1
Arianna Huffington,1
Robert McCloskey,3
Robert Jordan,18
Angela Elwell Hunt,1
Roberto González Echevarría,1
Giovanni Boccaccio,1
Ally Condie,3
Lena Dunham,1
Reginald Rose,1
Walter Mosley,1
Richard Llewellyn,1
Brian Jacques,13
Dante Alighieri,4
Charles Frazier,2
Susane Colasanti,4
Peter Mayle,2
Laurent Binet,1
Daniel Woodrell,1
Eric Berne,1
Hermann Hesse,5
Ashwin Sanghi,2
Matt Hollingsworth,3
Melissa Anelli,1
Amanda Lindhout,1
Rick Bragg,1
Tonya Hurley,1
Samad Behrangi,1
Gennifer Choldenko,1
Sheldon Moldoff,1
Glen Cook,4
Roberto Bolaño,2
Ellen Hopkins,9
Richard Henry Dana Jr.,1
Robert W. Chambers,1
Isabel Wilkerson,1
Patricia Crampton,1
Tachibana Higuchi,1
Dale Eaglesham,1
Chris Riddell,1
Tabitha Suzuma,1
Karen Harper,1
Thomas Merton,1
Seth Grahame-Smith,2
Kim Stanley Robinson,5
Marcia Brown,1
David Almond,1
Marilyn Manson,1
Malcolm Lowry,1
Susan Sarandon,1
Deepak Chopra,1
Günter Grass,1
Nikos Kazantzakis,1
Mark Twain,7
Cheryl Strayed,2
Alexandra Adornetto,3
Jude Watson,4
David Eddings,21
Sue Monk Kidd,3
Margaret Mitchell,1
Lydia Davis,1
Joseph Heller,1
Donald Crews,1
Robert Cormier,2
Anita Shreve,12
Jennifer Chiaverini,1
Eduardo Risso,1
Ralph Steadman,1
Gaston Leroux,1
Walter Jon Williams,1
Philip Tan,1
John Burgoyne,1
Marya Hornbacher,1
Gene Wolfe,2
Bob Gale,1
Colm Tóibín,3
Aya Nakahara,1
Alec Stevens,1
Bette Greene,1
Harlan Ellison,1
Nathaniel Hawthorne,2
Ralph Manheim,2
Hannu Rajaniemi,1
Scott Turow,3
Megan Abbott,3
Stephen Hawking,5
Deirdre Bair,1
Wil Huygen,1
Richard Siken,1
Julia Glass,1
Erin Gruwell,1
Holly Black,15
Tom Grummett,1
Harry Bernstein,1
Adriana Trigiani,5
Diane Duane,1
Brandon Stanton,2
Dennis O'Neil,1
Douglas Preston,23
Susan Cooper,6
Alison Anderson,2
Jerzy Kosiński,1
Jude Deveraux,2
Ernest J. Gaines,1
Kristin Hannah,15
Jackie MacMullan,1
Ben H. Winters,2
Jane Lynch,1
Vladimir Nabokov,5
James Boswell,1
Michael McLaughlin,1
Austin Kleon,1
Gustave Doré,2
Sebastian Barry,1
Catherine Coulter,1
René Goscinny,2
Julia Child,3
Michael Hofmann,1
Charles R. Cross,1
James Madison,1
Camilla Läckberg,4
Adam Makos,1
Neil deGrasse Tyson,1
Dale Brown,1
Pema Chödrön,2
Bernard Cornwell,16
Henrik Ibsen,2
Ben Horowitz,1
Mark Bowden,2
Alexander McCall Smith,12
Hergé,3
Laura Harris,1
John Gribbin,1
Lois Lowry,7
Yuval Noah Harari,1
Sophia Amoruso,1
Mikhail Bulgakov,3
Gerald Durrell,1
Alice Hoffman,8
Rebecca Solnit,1
Og Mandino,1
Sara Gruen,3
Vincent Bugliosi,1
Carl Hiaasen,17
Kevin Kwan,2
Bradley Denton,1
Arnold Lobel,5
Samuel Taylor Coleridge,1
Shakti Gawain,1
Henry Lincoln,1
Henry Cloud,1
John Knowles,1
Jonathan Lethem,4
O. Henry,2
David Foster Wallace,9
Craig Ferguson,1
Jonathan Barnes,1
Alexander Teixeira de Mattos,1
Dan Abnett,1
Sylvia Nasar,1
Chris Grabenstein,1
Larry Correia,3
Tony Hsieh,1
Martin Waddell,1
Assata Shakur,1
Russell Fraser,1
Joe McGinniss,1
Doug Mahnke,1
Patricia Gaffney,1
Jun Mochizuki,1
Nancy Garden,1
Mary McGarry Morris,1
Nathaniel Philbrick,3
Anne Perry,2
Joel C. Rosenberg,1
Aldous Huxley,5
Colleen Doran,3
Muriel Spark,1
Allie Brosh,1
Saul Bellow,3
Betsy Lewin,2
Elliott Kalan,1
Maxine Hong Kingston,2
Sylvain Neuvel,1
Anchee Min,1
Ringo Starr,1
Carl Van Doren,1
Armistead Maupin,2
Michel Faber,4
Umberto Eco,7
John O'Hara,1
Paulo Freire,1
Brent Weeks,9
Siobhan Vivian,2
Sarah Dunant,2
Amy Meyer,1
Victoria Hislop,1
Eckhart Tolle,3
Jill Murphy,1
James Dean,1
Sarah Rees Brennan,5
Colleen Hoover,16
Cathy Marie Buchanan,1
Peggy Parish,3
Rory Kennedy,1
Sarah Crossan,1
Christopher Marlowe,1
Michael Crichton,18
Sid Fleischman,1
Franz Kafka,9
Raymond Chandler,6
Sue Heap,1
Gary Chalk,2
Mary Shepard,1
Hiroshi Sakurazaka,1
Maria Dahvana Headley,1
Rebecca Skloot,1
Kenneth Oppel,1
Mark Helprin,1
Anna Quindlen,9
Saud Alsanousi,1
Karl Marlantes,1
Brother Lawrence,1
Pablo Neruda,3
Rick Yancey,4
Tom Brokaw,1
Marcus Pfister,1
Dav Pilkey,4
Michael Punke,1
Gertrude Chandler Warner,1
Mark Haddon,3
Mario Adorf,1
Steve Harvey,1
Jim Lee,3
Elizabeth Gilbert,4
Walt Whitman,1
Charlie Adlard,15
Anthony Horowitz,13
Bryan Lee O'Malley,7
Georges Bataille,1
John D. Fitzgerald,1
Edward Abbey,2
Naomi Klein,3
Kathleen Tessaro,1
Madeline Miller,1
Justin Halpern,2
Miguelanxo Prado,1
Myla Goldberg,1
Robert Giroux,1
Kent Haruf,4
Sharon Creech,3
Katherine Howe,1
Randall Munroe,1
Vikram Seth,1
Yōko Ogawa,1
Hiro Fujiwara,2
Alexander Gordon Smith,1
Chuck Dixon,3
Jerry Pournelle,3
Charles Templeton,1
Richard Shaull,1
Andy Weir,2
Jeff Kinney,13
Jon Scieszka,3
Dalton Trumbo,1
Lois McMaster Bujold,9
Jo Duffy,1
John Romita Jr.,1
Esther Hicks,3
Gentry Lee,3
Ben Carson,1
Ken Akamatsu,1
Anita Diamant,4
Richard Adams,1
Kaye Gibbons,2
Greg Pak,1
Walter Benjamin,1
Alan Cumming,1
Marie Rutkoski,3
Anthony Heald,1
Malorie Blackman,2
Alan Paton,1
Akira Toriyama,1
Richard Starkings,2
Jack London,7
Ayn Rand,5
Jon Krakauer,6
Mary Downing Hahn,2
Kazuo Ishiguro,6
David Brin,4
Jasper Fforde,9
Samantha Bee,1
Steve Lieber,1
Sarah MacLean,2
Nelson DeMille,12
Ann Leckie,3
Patrick Carman,2
Michael Herr,1
William Pène du Bois,1
Jon Klassen,3
Jane Smiley,2
Jenna Jameson,1
Jean de Brunhoff,2
Gary Larson,2
Brian K. Vaughan,22
Pattie Boyd,1
Jeff Shaara,2
Andy Andrews,2
Benjamin Graham,1
Dave Navarro,1
Amy Schumer,1
Amy Chua,1
Jim Starlin,1
Luke Rhinehart,1
Mario Benedetti,1
Iris Murdoch,2
James M. McPherson,1
Marion Zimmer Bradley,5
Val McDermid,1
John Bedford Lloyd,1
Abby McDonald,1
Amy Kim Ganter,1
Darynda Jones,7
Carol Tavris,1
Ian McEwan,12
Robert Kirkman,20
Peter V. Brett,4
Kentaro Miura,1
Gerda Weissmann Klein,1
Anthony Kiedis,1
Michael Braungart,1
Herman Wouk,3
Oliver Pötzsch,3
Walter Moers,1
Alex Kendrick,2
Gary Taubes,1
Todd Hanson,1
Robin McKinley,7
James Howe,1
Miep Gies,1
Lisa See,5
Barbara Hambly,1
Xan Fielding,1
Sonya Sones,1
Stella Gibbons,1
Ivan Doig,1
Juliet Marillier,4
Stephen Fry,2
Dashiell Hammett,3
Tony Goldwyn,1
Ben Fountain,1
Charles Dickens,16
John McGahern,1
Kay Thompson,1
Yoshiki Nakamura,1
Thomas Paine,2
Rashmi Bansal,1
Erich Maria Remarque,3
Mohsin Hamid,2
Phil Knight,1
HaveYouSeenThisGirL,1
Claudia Gray,6
Christopher Gill,1
Oliver Sacks,5
Michele Wrightson,1
Robert J. Sawyer,1
J. Michael Straczynski,1
Greg Bear,4
David Benioff,1
Giles Andreae,1
Jonathan Cahn,1
Holly Madison,1
Guy Debord,1
Ian Caldwell,1
Jamie McGuire,10
John Darnielle,1
Stella Duffy,1
Richard Zenith,1
Garth Risk Hallberg,1
Steven Pressfield,2
Ruth Reichl,4
Thomas Hardy,7
Richard Branson,2
Chetan Bhagat,6
Justin Torres,1
Ben Sherwood,1
Cassandra Clare,19
Irving Shulman,1
Lily Koppel,1
Warren Ellis,7
Helen Oxenbury,1
Karl Marx,2
Mark Victor Hansen,2
David Langford,1
Hablot Knight Browne,3
Arthur Hailey,1
William Faulkner,5
Rick Atkinson,1
Elmore Leonard,1
Peggy Orenstein,1
Anne Sexton,1
Zoë Heller,1
Kate Morton,5
Åsne Seierstad,1
Christopher Golden,1
Diana Wynne Jones,5
Pierre Boulle,1
Allen Say,2
Kevin J. Anderson,10
Gustave Flaubert,2
William Styron,3
Carol Rifka Brunt,1
Norman Vincent Peale,1
Samuel Shem,1
James Patterson,98
Giovanni Pontiero,2
Yoko Kamio,1
Margaret Stohl,5
Sophie Kinsella,16
Brian Sibley,1
Bret Lott,1
Honoré de Balzac,2
Jed Rubenfeld,1
Edgar Allan Poe,14
Sydney Taylor,1
Jerry Pinkney,3
Irving Stone,3
Kate Nelligan,1
Tom Robbins,8
Dale Wasserman,1
Bertrand Russell,3
Jess Walter,1
Lou Aronica,1
Neil Strauss,4
Caroline B. Cooney,1
Haruki Murakami,21
Elizabeth Kostova,2
Elizabeth Haydon,1
Chihiro Iwasaki,1
Paulo Coelho,18
Phyllis Eisenstein,1
Reza Aslan,2
Max Frisch,1
Jerome K. Jerome,1
Randall Wallace,1
Ashlee Vance,1
Dan Jurgens,1
Wally Lamb,5
Larry Bird,1
Annette Curtis Klause,1
Bruce Degen,2
Alfred Bester,2
Rob Guillory,2
Langston Hughes,1
Gary Saul Morson,1
Kevin Henkes,5
Peter Ackroyd,1
Carson Ellis,2
Chad Harbach,1
Lillian Hoban,2
Ram Charan,1
Judith Kerr,1
Orlagh Cassidy,2
Nell Scovell,1
Albert Uderzo,1
Martin Sixsmith,1
Arundhati Roy,1
Alex Haley,2
Edmund de Waal,1
Françoise Sagan,1
Linda Sue Park,5
Robin Cook,3
Chinua Achebe,1
Mark Mathabane,1
Malcolm Gladwell,5
Kevin Powers,1
Bruce Springsteen,1
Sarah Colonna,1
Paolo Giordano,1
Charlotte Perkins Gilman,2
Hallie Haglund,1
Esphyr Slobodkina,1
Chris Ware,1
Dave McCaig,1
Masashi Kishimoto,4
Teddy Kristiansen,1
Alison Weir,5
Julie Kagawa,9
Mark Waid,2
Anne Brontë,2
Theodore Sturgeon,2
Tom Rachman,1
Peter Laslett,1
Harriet Jacobs,1
Marshall McLuhan,1
Alfred Lansing,1
Joyce Meyer,1
Giada De Laurentiis,2
Blanche Fisher Wright,1
Lewis Nordan,1
Charles Perrault,1
Jerry Robinson,1
Oscar Hijuelos,1
Walter Lord,1
Elizabeth Wurtzel,1
Joshua Ferris,2
Joyce Carol Oates,1
Melvin Burgess,1
Sylvia Day,7
Chris Gardner,1
Edward D. Hoch,1
Julietta Suzuki,1
Steve McNiven,1
Michel Houellebecq,4
John Bolton,1
Kathleen E. Woodiwiss,2
Simon Singh,3
Eric Drysdale,1
Maud Hart Lovelace,1
Rachel Hartman,1
Allan Pease,1
Shirley Jackson,4
Kelly Link,1
Philip K. Dick,8
Kate Atkinson,7
Dorothy Koomson,1
Sadegh Hedayat,1
Yann Martel,2
Laurell K. Hamilton,31
Michael A. Stackpole,1
Sarah McCoy,1
James Lincoln Collier,1
Martin Luther King Jr.,1
Yukio Mishima,1
Basil Copper,1
Bettina Abarbanell,1
Jonathan Franzen,3
William L. Shirer,1
Charlie Jane Anders,1
Laura Ingalls Wilder,10
Daniel Glattauer,1
Peter de Sève,4
Brian Tracy,1
Federico García Lorca,1
Loretta Chase,1
Frederick Douglass,1
Marcus Buckingham,2
Daniel Defoe,2
Peter Hedges,1
Winston Groom,1
Brad Thor,12
Keith Ward,1
Jane Chapman,1
Rainer Maria Rilke,2
Cressida Cowell,1
Elly Griffiths,1
David J. Skal,1
Adam Smith,1
Edmond Rostand,1
Garth Stein,1
Anthony Doerr,1
Jodi Picoult,24
Amy Gentry,1
Arlene Mosel,1
Matt Ridley,2
Ann Long,1
Margaret Edson,1
Barbara Ehrenreich,1
Jacquelyn Frank,1
Maggie Shipstead,2
Carl Sagan,7
Sarah Addison Allen,6
Horace Walpole,1
Kate Jacobs,2
John Berger,1
Frances Mayes,2
Lurlene McDaniel,1
Judith McNaught,8
Jeanne Birdsall,2
Terry Bisson,1
Josh McDowell,1
Malika Oufkir,1
Bruno Bettelheim,1
Clare Mackintosh,1
Cecelia Ahern,10
Erskine Caldwell,1
José Emilio Pacheco,1
Alexandra Ripley,1
Richard Seaver,1
Gert Westphal,1
Hope Jahren,1
Dorothy Britton,1
Allen Mandelbaum,1
Lauren Conrad,3
Jim Aparo,2
Anatole France,1
Roy Thomas,1
Eva Ibbotson,1
Arlette Elkaïm-Sartre,1
Donna Woolfolk Cross,1
Paul Cornell,1
Gary Paulsen,3
Liane Moriarty,8
Neal Stephenson,10
Kyousuke Motomi,2
Kazune Kawahara,1
Rebecca Stead,2
Brett Breeding,1
Clive Cussler,15
Garth Ennis,10
Mo Willems,6
Mercedes Lackey,8
Charles C. Mann,2
Gillian Flynn,5
Yaa Gyasi,1
Herman Melville,3
Mike Lupica,2
Edith Hamilton,1
Steve Toltz,1
Thomas E. Sniegoski,3
Marcella Hazan,1
Danielle Steel,8
Alan Bennett,1
Oprah Winfrey,1
Jennifer L. Holm,2
Jack Ketchum,1
Joanne Fluke,1
Lori Nelson Spielman,1
Yevgeny Zamyatin,1
Rob Lowe,1
Jonathan Safran Foer,3
Yana Toboso,3
Alex Ross,4
Pramoedya Ananta Toer,1
Liz Murray,1
Edan Lepucki,1
David Lasky,1
Sogyal Rinpoche,1
Cheryl Rainfield,1
Washington Irving,3
Marcus Samuelsson,1
Javier Pulido,1
Michael Thomas Ford,1
Gwyn Hyman Rubio,1
Lois Lenski,1
Connor Franta,1
Nikki Sixx,2
John Ajvide Lindqvist,1
Leo Lionni,3
Anna Todd,4
Hillary Jordan,2
Ralph Ellison,1
Alistair MacLean,3
Amanda Palmer,1
Ellis Avery,1
Joe Haldeman,2
Joyce Maynard,1
Hannah Hurnard,1
Ellen DeGeneres,1
Ken Follett,17
John Watkiss,2
Jean-Jacques Rousseau,1
Maria V. Snyder,8
Katharine Hepburn,1
Ovid,1
Janet Fitch,2
Nic Pizzolatto,1
Maurice Sendak,7
Dan Ariely,3
Sara Paretsky,2
Rhoda Janzen,1
Stevie Davies,1
Suzanne Collins,9
Władysław Szpilman,1
Benjamin Hoff,3
Amy Waldman,1
Ned Vizzini,2
Ian Fleming,8
Tim Winton,2
Melissa Marr,5
Fuyumi Soryo,1
George Egerton,1
Clinton Rossiter,1
Benedict Jacka,1
Christopher Bigsby,2
Robert Hass,1
Jerry Spinelli,5
Rachel Caine,14
Mark T. Sullivan,2
Julian Barnes,2
Jack Canfield,3
Eliza Wheeler,1
Erma Bombeck,1
Cynthia Lord,1
Charles M. Schulz,1
Timothy Egan,1
Moira Young,2
John Howard Griffin,1
Mary Doria Russell,2
Lauren Graham,2
Else Holmelund Minarik,3
Len Deighton,1
Edward P. Jones,1
Luciano Bianciardi,1
Robert Graves,3
James Fenimore Cooper,1
Lori Lansens,1
Radwa Ashour,2
David Wilkerson,1
Chelsea Cain,3
John Katzenbach,1
Elie Wiesel,1
Sabaa Tahir,2
Thomas Mathiesen,1
Sabahattin Ali,1
Michael Azerrad,1
Stephen Marlowe,1
Jay Kristoff,2
Aeschylus,2
James W. Loewen,1
Marcus Luttrell,1
Curtis Sittenfeld,4
John Jay,1
Lionel Shriver,3
Jenny Nimmo,7
Azar Nafisi,1
Shannon Hale,9
Joseph Conrad,7
Lynne Reid Banks,1
Marcel Proust,1
Susan Vreeland,3
Liza Marklund,1
Nick Flynn,1
Rolf Dobelli,1
Shawn McManus,3
Sonia Sotomayor,1
Gosho Aoyama,1
Jerome Lawrence,1
Nicola Kraus,1
Zora Neale Hurston,1
Wallace Tripp,1
Sara Zarr,3
Jared Diamond,3
Steven Saylor,1
Peter Telep,1
Caitlin Doughty,1
Gregory White Smith,1
Sheryl Sandberg,1
Peter Straub,5
William Bedell Stanford,1
Judi Barrett,1
Saroo Brierley,1
Stephen Coonts,1
Ted Nasmith,1
Jean Webster,1
William Greider,1
Michael Martchenko,1
John Buchan,1
Stephenie Meyer,14
Lorelei King,2
Sun Tzu,1
Keith Ferrazzi,1
Roberto Aguirre-Sacasa,2
Karen Hesse,1
Nickolas Butler,1
Anna Banks,2
John le Carré,8
Christiane F.,1
Simon Winchester,3
Jonathan Kozol,1
Eric Gurney,1
Marina Keegan,1
Dr. Seuss,23
Alex Garland,1
Aravind Adiga,1
Machado de Assis,2
Justin O'Brien,2
Kurt Wiese,2
Adam Gopnik,1
Waris Dirie,1
James Cameron,1
Johanna Lindsey,2
Eldridge Cleaver,1
Bill Sienkiewicz,1
Raymond Khoury,1
Roland Merullo,1
Geoff Johns,1
Kate Grenville,1
Joy Adamson,1
Goran Sudžuka,4
Elisabeth Kübler-Ross,1
Stephen R. Bissette,1
Laura Esquivel,1
Maureen Freely,2
Elijah Wood,1
Karin Slaughter,16
Iain Banks,2
Gloria Vanderbilt,1
Patricia Cornwell,25
Joshua Middleton,1
Ann Rule,2
Stanisław Lem,1
Tony Tanner,2
Michael Ende,2
Sherwood Smith,1
Amy Tan,6
Richard Bach,4
Kim Gordon,1
Phil Klay,1
F. Scott Fitzgerald,6
Malcolm Heath,1
Stacy Schiff,1
Jonathan Stroud,5
Rudyard Kipling,6
Angie Thomas,1
Austin Grossman,1
Tobias Wolff,1
Graham Swift,1
Anne Enright,1
Penn Jillette,2
Emma Cline,1
Nick Cave,1
Eric Schmidt,1
Niccolò Machiavelli,1
Khaled Hosseini,4
Caitlin Moran,2
Gabrielle Zevin,3
William R. Forstchen,1
Laura Palmer,1
Robert Crais,10
Truman Capote,2
Karen Miller,2
Mark Millar,4
Mark Bagley,1
Hisaya Nakajo,1
David Lagercrantz,1
Bruce Campbell,1
Dean Karnazes,1
Ramit Sethi,1
Tyler Hamilton,1
John Keegan,1
Ernest Cline,2
Laurie Faria Stolarz,2
Timothy Zahn,5
Yukiru Sugisaki,1
Ta-Nehisi Coates,1
Fareed Zakaria,1
Natsuki Takaya,7
Lisa Lutz,3
John Scalzi,10
Carol Ryrie Brink,1
Erin E. Stead,1
Tamora Pierce,26
Tyler Oakley,1
Karen Marie Moning,15
Leo Tolstoy,5
Jay Bonansinga,1
Charles Belfoure,1
Glen Duncan,1
Cynthia Bond,1
Irvin D. Yalom,3
Katherine Hannigan,1
Robin Bailey,1
Henry James,5
Nicola Yoon,2
Max Barry,2
Eleanor Coerr,1
Lisa Tuttle,1
Sarah Dessen,12
Susanna Kaysen,1
Laura Whitcomb,1
Meg Wolitzer,2
Danny Sugerman,1
James Jean,3
Billy Collins,1
Stephen King,97
Marjorie Kinnan Rawlings,1
Julie Anne Peters,3
August Wilson,1
Joe Navarro,1
Chris Ryall,1
Brian Greene,3
Alexander Theroux,1
Irène Némirovsky,1
Alexandre Dumas fils,1
Blake Crouch,5
Anthony Marra,1
Marilynne Robinson,4
James Rollins,16
Robert C. O'Brien,2
Malala Yousafzai,1
Tracy Brogan,1
Howard Zinn,1
Elizabeth Kolbert,1
Max Brooks,2
Craig Thompson,3
George R. Stewart,1
Kate DiCamillo,7
Ruth Ware,2
George Pérez,2
Frank McCourt,3
Chuck Palahniuk,15
Vanessa Diffenbaugh,2
Lynne Truss,2
Kerstin Gier,3
Carlos Ezquerra,1
Jeffery Deaver,10
J.A. Redmerski,3
Ted Andrews,1
Joe Hill,11
Peter Lerangis,4
Rudolfo Anaya,1
Karen Armstrong,1
Herodotus,1
Mark Dunn,1
Steven Erikson,10
Michael Whelan,1
Tim Lebbon,1
Howard E. Wasdin,1
Jason Fabok,1
Anatoli Boukreev,1
Megan McDonald,1
Elena Ferrante,4
Louise Simonson,1
John Heilemann,1
Tess Gerritsen,13
Norman Maclean,1
Ishmael Beah,1
Omar Tyree,1
Frank Herbert,7
William Kent Krueger,1
L. Frank Baum,4
Ellen Forney,1
Helen Fielding,4
John D. Rateliff,1
John Oliver,1
Padraic Colum,1
Kristen Britain,2
Felicia Bond,7
Nancy Bond,1
Ruth Ozeki,2
Helen Oyeyemi,1
John Brownjohn,1
Paul Pen,1
Marianne Williamson,1
Jeffrey Archer,20
Rosamunde Pilcher,4
Natsumi Ando,1
John Higgins,1
Tom Perrotta,3
Jan Brett,3
Mourid Barghouti,1
Michael Moore,2
Kurt Busiek,1
Maureen Johnson,5
Vincent Lee,1
Jacob Grimm,3
Italo Calvino,4
Winston Graham,1
Katsura Hoshino,1
Paolo Bacigalupi,3
Hanif Kureishi,1
Li Cunxin,1
Greg Behrendt,1
Stefan Zweig,1
Chitra Banerjee Divakaruni,3
Susan Elia MacNeal,1
Norm Breyfogle,1
Angela Carter,1
Josh Kaufman,1
Jen Wang,1
Dave Ramsey,3
Shel Silverstein,7
Jeaniene Frost,12
Jenna Black,1
Anna Gavalda,1
Gary Shteyngart,2
Robert Munsch,2
Bill Dedman,1
Judith Krantz,1
Molière,2
Karen Russell,2
Beth Moore,2
Tetsuko Kuroyanagi,1
Quincy Troupe,1
Richard Dawkins,8
Marisha Pessl,2
Masami Tsuda,1
Anthea Bell,8
Robin Furth,2
Ann Patchett,8
Matthew Pearl,1
Edwin Muir,2
Glenn Fabry,2
L. Ron Hubbard,1
Josh Kilmer-Purcell,1
Chris Cleave,4
Erlend Loe,1
Paul Tough,1
Ryū Murakami,1
Ford Madox Ford,1
Bill Browder,1
Robert Fulghum,1
Yotam Ottolenghi,1
Karl Ove Knausgård,1
Jill Shalvis,2
Ernestine Gilbreth Carey,1
Delphine Minoui,1
Shane Claiborne,1
William Golding,1
Bill Willingham,11
James Herriot,4
Mark Kurlansky,2
Emma McLaughlin,1
Nevil Shute,2
Suzanne Weyn,1
Pat Frank,1
Sudhir Venkatesh,1
Stephen Kendrick,2
Ralph Waldo Emerson,2
Perry Moore,2
Annie Dillard,1
Adi Granov,1
Piers Anthony,13
Nathaniel Branden,1
Allen Ginsberg,2
Margaret Atwood,13
Amélie Nothomb,1
Andrew Lloyd Webber,1
Pamela Des Barres,1
Jay McInerney,1
Aldo Leopold,1
Julia Ormond,1
Katsuhiro Otomo,1
William Blake,2
Simone Beck,1
Christian Redl,1
Wendy Mass,7
Mario Vargas Llosa,4
Nora Ephron,3
Lincoln Child,21
Richard Russo,5
Alan Jay Lerner,1
Masaru Emoto,1
Patricia Briggs,14
Leslie Stephen,1
Julie Orringer,1
Cara Lockwood,2
Richard Poe,1
Charles Duhigg,1
Jane Ray,1
David Eagleman,1
Kim Harrison,13
Legs McNeil,1
Cory Doctorow,3
Kimberly Brubaker Bradley,1
Clare Vanderpool,1
Tanith Lee,1
Emily Carroll,1
Noelle Stevenson,2
Lauren Beukes,2
Nevada Barr,1
Akira Amano,1
Edward Rutherfurd,4
Sandra Boynton,3
Karen Chance,5
Alison Leslie Gold,1
Hugh Laurie,1
Maureen Howard,2
Chimamanda Ngozi Adichie,5
Henry Miller,2
Teju Cole,1
Neal Shusterman,6
Dmitry Glukhovsky,1
Rae Carson,3
Alisa Valdes,2
Ted Chiang,1
Natasha Friend,1
Miranda Hart,1
Jean Anouilh,1
Ann McGovern,1
John E. Woods,3
Marc Guggenheim,1
Pia Guerra,11
Richard Flanagan,1
Richard Paul Evans,7
Ursula Hegi,1
Thomas Harris,4
Peter David,1
Bill Bryson,14
Andy Cohen,1
Kenneth Branagh,1
Hugh Howey,10
Alexander O. Smith,2
Michael Shaara,1
Chris Van Allsburg,3
Wilhelm Grimm,4
Sigmund Freud,3
Terry Jones,1
Tony DiTerlizzi,5
Mariko Tamaki,1
Iris Chang,1
Adolfo Bioy Casares,1
William Carlos Williams,2
Louise Erdrich,5
William Gibson,14
Roz Chast,2
Juan Mascaró,2
Tabitha King,1
Kelley Jones,2
Scott Brick,2
Deanna Raybourn,1
Glenn Eichler,1
Simon R. Green,2
Elif Shafak,2
Dale Carnegie,2
Richard Condon,1
Jo Walton,1
Heinrich Böll,1
Adrian Alphona,3
Daniel Tammet,1
Marissa Meyer,7
Alan Weisman,1
Hiro Mashima,1
Margaret Weis,15
Dave Barry,4
Augusten Burroughs,6
Eugène Vinaver,1
Aimee Carter,2
Gail Carriger,7
Sebastian Junger,2
Gary Russell,1
Ian Falconer,2
Kami Garcia,5
Karen Cushman,2
Miranda July,3
Verna Aardema,1
Katherine Dunn,1
Rufus Beck,1
Barbara Kingsolver,8
Curt Swan,1
Dylan Thomas,1
G. Willow Wilson,3
Judith Viorst,1
Robert M. Edsel,1
Maxine Kumin,1
Eoin Colfer,12
Ron McMillan,2
Gloria Naylor,1
Jordan Sonnenblick,1
Carrie Vaughn,4
Ann Cleeves,1
Manning Marable,1
Sara Douglass,1
Alan Dean Foster,3
Friedrich Engels,1
Esther Earl,1
Cathy Hopkins,1
Susan Beth Pfeffer,3
Wallace Stegner,2
Sally Beauman,1
Deborah Harkness,3
Lynd Ward,1
Lauren Oliver,8
Ree Drummond,3
Uwem Akpan,1
Inga Moore,1
P. Craig Russell,5
Philippa Pearce,1
Donald O. Clifton,1
Clive Barker,15
Rachel Kushner,1
Gustaf Tenggren,1
William Shakespeare,26
Sarah Palin,1
Georges Jeanty,1
Ridley Pearson,4
Christopher Paul Curtis,2
Judy Blume,11
Renee Ahdieh,2
Louis de Bernières,1
David Ury,2
William March,1
Cherie Priest,2
Lauren Weisberger,5
Candace Bushnell,7
Bill Hybels,1
Jim Butcher,25
Frank Quitely,5
Lisbeth Zwerger,2
Robert Frost,2
Elin Hilderbrand,15
David Aja,2
Mark Manson,1
Michael Dorris,1
Kelly Jones,1
Mary E. Pearson,3
Gordon Korman,7
Kai Hermann,1
Ildefonso Falcones,1
Mircea Eliade,1
Joseph L. Henderson,1
Julie James,5
Diana L. Paxson,4
Donald Nicholson-Smith,1
Kathryn Lasky,1
Emily M. Danforth,1
Banana Yoshimoto,1
Sharon Kay Penman,3
Lucy Knisley,1
Stephen Sondheim,1
Frantz Fanon,1
Michael Slater,1
Natalie Goldberg,1
Robert A. Heinlein,13
Chris Crutcher,1
Janette Oke,2
Munro Leaf,1
Simone de Beauvoir,1
Elisabeth Elliot,3
Walter M. Miller Jr.,1
Heather McDonald,1
Peter D. Kramer,2
Eugene O'Neill,1
Iris Rainer Dart,1
W. Bruce Cameron,2
Nina George,1
Neil Postman,1
Anne Tyler,11
John Berendt,3
Marshall Goldsmith,1
Nobuhiro Watsuki,1
Nelson Mandela,1
Anton Chekhov,6
James Clavell,4
William Goldman,2
Ken Kesey,2
Michael Shermer,1
Sarah Blakley-Cartwright,1
Laurence Rees,1
Zlata Filipović,1
Anna Godbersen,4
Kerrelyn Sparks,1
Kyle Mills,1
Becky Albertalli,1
Axel Scheffler,1
Maxwell Maltz,1
Michael W. Smith,1
John Hodgman,1
Pierce Brown,3
Dai Sijie,1
Jenna Miscavige Hill,1
Miles Davis,1
Jack Gantos,2
Arthur Ransome,1
Chris Ayres,1
Jon Lee Anderson,1
Janne Teller,1
Carl Bernstein,1
Patrick Rothfuss,4
John D. MacDonald,2
Kathryn Stockett,1
Rosamund Lupton,2
Paul Guyer,1
Benjamin Franklin,1
Carolyn Jessop,1
Toni Morrison,10
Alfred Kazin,1
David Weber,6
Eddie Campbell,1
Denis Leary,1
Kim Gruenenfelder,1
Douglas Adams,11
Felicia Day,1
Donald Ray Pollock,1
René Descartes,3
Nujood Ali,1
David Byrne,1
Liu Cixin,2
Friedrich Nietzsche,6
Al Perkins,1
Jennifer Egan,2
Edmund White,1
Robert Silverberg,1
Michael Marshall Smith,1
Sue Townsend,1
Natsuo Kirino,1
Francine du Plessix Gray,1
Willy Lindwer,1
Burton Pike,1
Gary Vaynerchuk,1
Gena Showalter,13
Carol Christensen,1
Colson Whitehead,2
Alice Sebold,3
Aron Ralston,1
Zadie Smith,5
Clifford Harper,1
Jorge Luis Borges,5
Sergei Lukyanenko,3
Khaled Al Khamissi,1
Richard Ford,3
Dave Mallow,1
Sandra Cisneros,1
David Hackett Fischer,1
Indu Sundaresan,1
Natasha Solomons,1
Bret Easton Ellis,7
Becky Cloonan,1
Emily Giffin,8
David Mazzucchelli,2
Felix Salten,1
Eugenio Montale,1
Harry Gregson-Williams,1
Simone Elkeles,6
Diane Chamberlain,5
Jeff Cox,1
Irma S. Rombauer,1
William McDonough,1
Steve Erickson,1
Margaret George,2
Anne Frank,3
Barbara Reynolds,1
Nicholas Evans,2
Tsugumi Ohba,9
Eliyahu M. Goldratt,1
Sue Grafton,24
Trevor Noah,1
Elaine Pagels,1
Edward Albee,1
Simon Schama,1
Harriet Beecher Stowe,1
Nicholas Meyer,1
Thomas Piketty,1
Rick Warren,1
Michael Arndt,1
Gloria Steinem,2
Jay Asher,2
Faith Hunter,3
Michael Moorcock,2
Stephen J. Dubner,3
Nancy Farmer,3
Lili Wilkinson,1
Doris Lessing,3
Terry Pratchett,50
Marcus Sakey,2
Debbie Macomber,8
Allen W. Wood,1
W. Chan Kim,1
Carol Brown Janeway,1
Stephen Templin,1
Luca Marinelli,1
Willa Muir,2
Youssef Ziedan,2
Denis Johnson,2
Graeme Simsion,2
Anne Born,1
Tom Wolfe,5
Banesh Hoffmann,1
Chris d'Lacey,4
Carlos Fuentes,2
Chris Hadfield,1
Sebastian Faulks,1
Yoko Tanaka,1
Hafez,1
Naoki Higashida,1
Terry Hayes,1
Dave Gibbons,1
Anne Fortier,1
Jeanne DuPrau,4
Ramsey Campbell,2
Cynthia Voigt,2
Julie Otsuka,2
Steve Erwin,1
Salman Rushdie,8
Neil Patrick Harris,1
Donald Margulies,1
Olivia Goldsmith,1
David McCullough,8
Melinda Haynes,1
Jeanette Winterson,5
Karen Kingsbury,10
John Banville,1
Rachel Ward,1
Christina Lamb,1
José Saramago,8
Boris Pasternak,1
Scarlett Thomas,1
Dorothy L. Sayers,7
Harper Lee,2
Randy Pausch,1
Ben Marcus,1
Steven Pinker,4
Twyla Tharp,1
Susan Elizabeth Phillips,10
Ira Levin,3
Ram Dass,1
Craig Hamilton,2
Daisy Goodwin,1
Dan Chaon,2
Shonda Rhimes,1
Peter Bart,1
Apostolos Doxiadis,1
Belva Plain,1
Vonda N. McIntyre,1
Marv Wolfman,1
Napoleon Hill,1
Amanda Hocking,9
Graham Greene,6
Catherine Ryan Hyde,4
Mary Kinzie,1
Sarah Weeks,1
Esther Forbes,1
James Grady,1
Isaac Marion,1
Andrew Sinclair,1
Lewis Carroll,7
Philip Reeve,1
Oscar Wilde,9
Janette Sebring Lowrey,1
Niall Ferguson,1
Paul Theroux,2
Trenton Lee Stewart,3
Kim Newman,1
Ivan Turgenev,1
Alecos Papadatos,1
James Joyce,4
Cynthia Kadohata,1
Thor Heyerdahl,1
Drew Barrymore,1
Andrew Stanton,1
Hans Fallada,1
Nate Silver,1
Arthur Goldhammer,1
Mary Robinette Kowal,1
Maggie O'Farrell,3
Joseph Wambaugh,1
Julio Cortázar,1
Tennessee Williams,3
Alex Maleev,2
Bryan Burrough,1
Mark Zug,4
Dean Koontz,64
Howard Dully,1
Philip Pullman,8
Zig Ziglar,2
Richard Rhodes,1
Helen Hooven Santmyer,1
Kōbō Abe,1
Reiko Yoshida,1
Roald Dahl,17
Dennis Lehane,10
David Fishelson,1
Flann O'Brien,1
Steven Callahan,1
Jeffrey Eugenides,4
Travis Moore,1
Doreen Cronin,3
Rumiko Takahashi,2
Roland Smith,2
Elaine Showalter,1
Bernard Knox,3
Caroline Kepnes,2
Evelyn Waugh,3
Leonard Peikoff,3
Richard K. Morgan,3
David Oliver Relin,1
Chris Claremont,1
François Rabelais,1
Mary Pope Osborne,3
Pat Barker,2
Gordon B. Hinckley,1
James A. Michener,7
Dave Pelzer,4
Erich Fromm,2
Tracy Letts,1
Geoff Dyer,1
Patrick Süskind,1
Si Robertson,1
Vince Neil,1
Aniela Jaffé,2
Amelia Atwater-Rhodes,1
Graeme Base,1
Markus Zusak,2
Matt Walters,1
Sam Kieth,2
Mary GrandPré,9
Susan Sontag,2
Mac Barnett,1
Joe Sacco,1
Norman Bridwell,2
Nicholas Sparks,20
Bethany McLean,1
Catherine Fisher,2
Héctor Tobar,1
Giorgio Vasari,1
Sue Miller,1
Guy Delisle,1
Fritjof Capra,1
Timur Vermes,1
Sheldon Harnick,1
John Tiffany,1
Portia de Rossi,1
Richard Francis Burton,1
Colum McCann,2
Charles Bukowski,11
Vincent van Gogh,2
John Bunyan,1
Taylor Caldwell,1
Patrick Stewart,1
Jandy Nelson,2
Elizabeth George Speare,3
Blair Lent,1
Art Spiegelman,4
John Totleben,1
Nando Parrado,1
Al Franken,1
Mike Barnicle,1
Geoffrey Chaucer,1
Miklós Nyiszli,1
Junot Díaz,3
James M. Cain,2
Spencer Locke,1
Edgar Rice Burroughs,3
Fred Gipson,1
Ann Druyan,3
Martin Cruz Smith,1
Stendhal,2
Lindy West,1
John Keats,1
Scott Snyder,5
Julie Powell,1
Betty Mahmoody,1
John Joseph Adams,1
Kate Summerscale,1
Trina Schart Hyman,2
Mo Hayder,1
Bart D. Ehrman,1
Sidney Hook,1
Jason Reich,1
Hugh Ambrose,1
Richard Kadrey,3
Justina Chen,1
Naguib Mahfouz,3
Walter Farley,1
Émile Zola,3
Carlos Ruiz Zafón,6
Mary Lawson,1
Douglas Coupland,7
John Dickson Carr,1
Chuck Hogan,3
Jessica Seinfeld,1
Andre Norton,1
Dennis Janke,1
Doon Arbus,1
Sara Pennypacker,1
Jolande Jacobi,1
Jon Kabat-Zinn,1
Christopher Isherwood,1
Lech Jęczmyk,1
Sara Shepard,13
Brian Bolland,1
Stephen Greenblatt,1
Anne McCaffrey,19
Glenn Beck,1
Celeste Ng,1
Lisa Kleypas,15
T. Harv Eker,1
Kingsley Amis,1
Mihaly Csikszentmihalyi,1
Clarissa Pinkola Estés,1
Antonia Fraser,2
Andrew Solomon,1
Aaron Ehasz,1
Diane Setterfield,1
Euripides,1
William C. Dietz,1
Joe Hart,1
Steve Pieczenik,1
Lane Smith,2
Ronald Knox,1
Giulia Enders,1
Jennifer A. Nielsen,3
Mia Ikumi,1
Rupi Kaur,1
Arnaldur Indriðason,2
Christos Tsiolkas,1
Aprilynne Pike,4
Nick Offerman,1
Lorraine Hansberry,1
Alex Berenson,1
Arthur Nersesian,1
April Henry,1
Rachel Renée Russell,6
Audre Lorde,1
Sheryl WuDunn,1
Alice Waters,1
Scott Sigler,1
Jacqueline Wilson,4
Joe Quesada,1
Jocelyn Davies,1
Martin Sorrell,1
Lauren DeStefano,3
Robert M. Pirsig,1
Patrick Ness,6
Jeffrey Toobin,1
James E. Talmage,1
Robert Penn Warren,1
Irwin Shaw,1
James Gleick,3
Derek Landy,5
Charles Baudelaire,1
Ruta Sepetys,3
Vicki Myron,1
Jack Higgins,2
Eric Hill,1
Edward Said,3
Frank McConnell,1
Rachel Carson,1
Tiina Nunnally,2
Andre Dubus III,1
Bill Buford,1
Rosemary Wells,1
Nick Bruel,1
Terry Southern,1
Bertolt Brecht,1
Barbara Delinsky,3
Jon Foster,1
Noel Streatfeild,1
Jules Feiffer,2
Theodore Ziolkowski,1
Erich Segal,2
Thomas J. Stanley,2
Iris Johansen,5
Dave Eggers,7
Lin-Manuel Miranda,1
Jacqueline Woodson,2
Tony Hawks,1
Sloane Crosley,1
Tedd Arnold,1
Steven Naifeh,1
Eric Shanower,1
Lionel Trilling,1
Brian Herbert,6
James Luceno,1
Tad Williams,9
Georg Wilhelm Friedrich Hegel,1
Shawn Achor,1
Joanna Trollope,2
Richard Scarry,2
Michael Rosen,2
Robin Sloan,1
Frederick Forsyth,7
Adeline Yen Mah,2
Chris Bohjalian,8
Kate Douglas Wiggin,1
Suki Kim,1
Jim Cymbala,1
Malcolm X,1
Henry Fielding,1
Ramez Naam,1
Thomas More,1
Josephine Tey,1
Steven Kellogg,2
Damon Knight,1
Tracy Chevalier,6
Jacqueline Kelly,1
Arthur C. Clarke,12
Louise Doughty,1
Daniel J. Boorstin,2
Inga Muscio,1
Sarah Winman,1
Solomon Northup,1
Ed Brubaker,1
Gabriel García Márquez,12
James Ellroy,4
Joseph Boyden,3
Mikhail Lermontov,1
Sandra Brown,11
George MacDonald,1
George Lucas,2
Carol Burnett,1
Brian Michael Bendis,2
Colleen McCullough,2
Virginia Woolf,6
Rhonda Byrne,3
Suzy Welch,1
Jhumpa Lahiri,5
Oliver Jeffers,1
Eleanor H. Porter,1
Edwin O. Reischauer,1
Piper Kerman,1
Peter Thiel,1
David Sedaris,9
Larry McMurtry,3
Ryan Holiday,1
John Betjeman,1
Johnny Cash,1
Marguerite Duras,1
Peggy Fortnum,1
David Grann,1
Richard Matheson,3
Colin Meloy,1
Anita Jeram,1
Sylvia Plath,4
Jussi Adler-Olsen,4
Sally Bedell Smith,1
Gia-Fu Feng,1
Josh Hamilton,1
Meca Tanaka,1
John Steinbeck,10
Karen Joy Fowler,2
Rita Mae Brown,1
John Kennedy Toole,1
Gilbert Sorrentino,1
Ted Hughes,1
Spencer W. Kimball,1
Denis Feeney,1
Maria Semple,2
Eve Ensler,1
Christopher Tolkien,3
Kelley Armstrong,16
Stieg Larsson,5
Frida Kahlo,1
Ana Juan,1
Anne Rivers Siddons,1
Jennifer Niven,2
Steve Dillon,9
Jill Bolte Taylor,1
Brett Helquist,15
Goran Parlov,1
David V. Erdman,1
Morgan Matson,4
Mary Elizabeth Braddon,1
Emily Brontë,1
Julie Plec,3
Franz Xaver Kappus,1
Pankaj Mishra,1
Steven Tyler,1
Mercer Mayer,8
Bram Stoker,2
Jacqueline Carey,6
Ben Okri,1
Lawrence Ferlinghetti,1
Robert Goolrick,1
Charlie Higson,2
Stephen Briggs,4
Hiroyuki Takei,1
Joel Fuhrman,1
Nancy Freedman,1
Marie-Louise von Franz,1
Heinrich Harrer,1
Eric Klinenberg,1
Robert Louis Stevenson,7
Leinil Francis Yu,1
Caragh M. O'Brien,3
Harold Bloom,2
Martin Heidegger,1
Scott Jurek,1
Carol Shields,2
Bono,1
Robert Bloch,2
Mika Waltari,1
Jamie Ford,2
Phyllis Reynolds Naylor,1
Al Ries,2
Vince Locke,2
Bill Watterson,13
Harlan Coben,25
Siddhartha Mukherjee,1
Alison Croggon,2
August Derleth,1
William Peter Blatty,1
Jacqueline Susann,1
Jim Balent,1
David Herbert Donald,1
Bryan Stevenson,1
Lynn Vincent,3
Kentaro Yabuki,1
Jay McLean,1
Lynley Dodd,1
Bree Despain,3
Pat Conroy,6
Iain Pears,1
Ben Templesmith,1
Garth Nix,10
Melissa Landers,1
Vikas Swarup,1
